{
    "foreground_intensity_properties_per_channel": {
        "0": {
            "max": 440.0,
            "mean": 52.388614654541016,
            "median": 44.0,
            "min": 0.0,
            "percentile_00_5": 8.0,
            "percentile_99_5": 243.0,
            "std": 37.77652359008789
        }
    },
    "median_relative_size_after_cropping": 0.9896104600694444,
    "shapes_after_crop": [
        [
            382,
            382,
            160
        ],
        [
            382,
            382,
            160
        ],
        [
            382,
            382,
            160
        ],
        [
            382,
            382,
            160
        ],
        [
            382,
            382,
            160
        ],
        [
            382,
            382,
            160
        ],
        [
            382,
            382,
            160
        ],
        [
            382,
            382,
            160
        ],
        [
            382,
            382,
            160
        ],
        [
            382,
            382,
            160
        ],
        [
            382,
            382,
            160
        ],
        [
            382,
            382,
            160
        ],
        [
            382,
            382,
            160
        ],
        [
            382,
            382,
            160
        ],
        [
            382,
            382,
            160
        ],
        [
            382,
            382,
            160
        ],
        [
            382,
            382,
            160
        ],
        [
            382,
            382,
            160
        ],
        [
            382,
            382,
            160
        ],
        [
            382,
            382,
            160
        ],
        [
            382,
            382,
            160
        ],
        [
            382,
            382,
            160
        ],
        [
            382,
            382,
            160
        ],
        [
            382,
            382,
            160
        ],
        [
            382,
            382,
            160
        ],
        [
            382,
            382,
            160
        ],
        [
            382,
            382,
            160
        ],
        [
            382,
            382,
            160
        ],
        [
            382,
            382,
            160
        ],
        [
            382,
            382,
            160
        ],
        [
            382,
            382,
            160
        ],
        [
            382,
            382,
            160
        ],
        [
            382,
            382,
            160
        ],
        [
            382,
            382,
            160
        ],
        [
            382,
            382,
            160
        ],
        [
            382,
            382,
            160
        ],
        [
            382,
            382,
            160
        ],
        [
            382,
            382,
            160
        ],
        [
            382,
            382,
            160
        ],
        [
            382,
            382,
            160
        ],
        [
            382,
            382,
            160
        ],
        [
            382,
            382,
            160
        ],
        [
            382,
            382,
            160
        ],
        [
            382,
            382,
            160
        ],
        [
            382,
            382,
            160
        ],
        [
            382,
            382,
            160
        ],
        [
            382,
            382,
            160
        ],
        [
            382,
            382,
            160
        ],
        [
            382,
            382,
            160
        ],
        [
            382,
            382,
            160
        ]
    ],
    "spacings": [
        [
            0.3645833432674408,
            0.3645833432674408,
            0.699999988079071
        ],
        [
            0.3645833432674408,
            0.3645833432674408,
            0.699999988079071
        ],
        [
            0.3645833432674408,
            0.3645833432674408,
            0.699999988079071
        ],
        [
            0.3645833432674408,
            0.3645833432674408,
            0.699999988079071
        ],
        [
            0.3645833432674408,
            0.3645833432674408,
            0.699999988079071
        ],
        [
            0.3645833432674408,
            0.3645833432674408,
            0.699999988079071
        ],
        [
            0.3645833432674408,
            0.3645833432674408,
            0.699999988079071
        ],
        [
            0.3645833432674408,
            0.3645833432674408,
            0.699999988079071
        ],
        [
            0.3645833432674408,
            0.3645833432674408,
            0.699999988079071
        ],
        [
            0.3645833432674408,
            0.3645833432674408,
            0.699999988079071
        ],
        [
            0.3645833432674408,
            0.3645833432674408,
            0.699999988079071
        ],
        [
            0.3645833432674408,
            0.3645833432674408,
            0.699999988079071
        ],
        [
            0.3645833432674408,
            0.3645833432674408,
            0.699999988079071
        ],
        [
            0.3645833432674408,
            0.3645833432674408,
            0.699999988079071
        ],
        [
            0.3645833432674408,
            0.3645833432674408,
            0.699999988079071
        ],
        [
            0.3645833432674408,
            0.3645833432674408,
            0.699999988079071
        ],
        [
            0.3645833432674408,
            0.3645833432674408,
            0.699999988079071
        ],
        [
            0.3645833432674408,
            0.3645833432674408,
            0.699999988079071
        ],
        [
            0.3645833432674408,
            0.3645833432674408,
            0.699999988079071
        ],
        [
            0.3645833432674408,
            0.3645833432674408,
            0.699999988079071
        ],
        [
            0.3645833432674408,
            0.3645833432674408,
            0.699999988079071
        ],
        [
            0.3645833432674408,
            0.3645833432674408,
            0.699999988079071
        ],
        [
            0.3645833432674408,
            0.3645833432674408,
            0.699999988079071
        ],
        [
            0.3645833432674408,
            0.3645833432674408,
            0.699999988079071
        ],
        [
            0.3645833432674408,
            0.3645833432674408,
            0.699999988079071
        ],
        [
            0.3645833432674408,
            0.3645833432674408,
            0.699999988079071
        ],
        [
            0.3645833432674408,
            0.3645833432674408,
            0.699999988079071
        ],
        [
            0.3645833432674408,
            0.3645833432674408,
            0.699999988079071
        ],
        [
            0.3645833432674408,
            0.3645833432674408,
            0.699999988079071
        ],
        [
            0.3645833432674408,
            0.3645833432674408,
            0.699999988079071
        ],
        [
            0.3645833432674408,
            0.3645833432674408,
            0.699999988079071
        ],
        [
            0.3645833432674408,
            0.3645833432674408,
            0.699999988079071
        ],
        [
            0.3645833432674408,
            0.3645833432674408,
            0.699999988079071
        ],
        [
            0.3645833432674408,
            0.3645833432674408,
            0.699999988079071
        ],
        [
            0.3645833432674408,
            0.3645833432674408,
            0.699999988079071
